Hash,author,KC-Tags,MF-Tags,AM-Tags
a3336160203dd8f8d2ae567238fcb0978bf21e8d,Leandro Dorileo,[('New' | 'Select')],no-tag-changed,no-tag-changed
17022a2622ddce9fbbd478a551f46e639d991cb0,Leandro Dorileo,no-tag-changed,[('Modify' | 'Mapping') | ('Modify' | 'build')],no-tag-changed
2c727429e244c074a45c0d99b8ba57ad7fb6df36,Leandro Dorileo,[('Added' | 'Select') | ('Modify' | 'Feature') | ('Modify' | 'Select') | ('Added' | 'Depends')],[('Modify' | 'Mapping') | ('Modify' | 'ifdef')],['changeAsset']
d556d826bfbb02fb7efbba21585a3888e512db41,Leandro Dorileo,[('New' | 'Select')],[('Modify' | 'Mapping')],no-tag-changed
da5f77ff470f49e90797db27a8923c988c099e96,Bruno Dilly,[('Modify' | 'Default') | ('Modify' | 'Feature') | ('Modify' | 'Select')],no-tag-changed,no-tag-changed
e6e17e41bbeb92125541c9cc4c06273ef1566c22,Leandro Dorileo,no-tag-changed,[('Added' | 'build')],no-tag-changed
408e85bb1b58c7cd5acfb82953f28da4a9506802,Leandro Dorileo,[('New' | 'Select')],[('Added' | 'Mapping')],no-tag-changed
ec6c506d1e926efa1007e9b5946d57a5e3f3804a,Leandro Dorileo,no-tag-changed,[('Modify' | 'build')],no-tag-changed
9110b309393ec27dee35baf23d1cbefe1a796d8f,Bruno Dilly,[('Added' | 'Depends') | ('Modify' | 'Depends')],no-tag-changed,no-tag-changed
6904e3aac6aa216f95638ea168f1307a519cc668,Ederson de Souza,no-tag-changed,no-tag-changed,['changeAsset' | 'addAsset']
0e485bad769392e3373c005618725e43a247073c,Ulisses Furquim,[('Added' | 'Feature') | ('Added' | 'Depends') | ('New' | 'Default') | ('Remove' | 'Feature') | ('Remove' | 'Depends') | ('Remove' | 'Default')],[('Added' | 'ifdef') | ('Added' | 'build') | ('Remove' | 'ifdef') | ('Remove' | 'build')],['changeAsset' | 'addAsset']
3e677dd8f3c6427a861a36f139f49c814f5dad88,Leandro Dorileo,no-tag-changed,[('Added' | 'build') | ('Modify' | 'build')],no-tag-changed
3f95a2bef52b4acd653afc4ec1f28e39ab2b685b,Leandro Dorileo,no-tag-changed,[('Modify' | 'build')],no-tag-changed
2d39b630bf887702b53471ded8b2271f37ac94a1,Ulisses Furquim,[('Added' | 'Depends') | ('Modify' | 'Default')],no-tag-changed,no-tag-changed
47f2b250b4f6e5fac3731cf2cfc5247c6eefb667,Anselmo L. S. Melo,no-tag-changed,no-tag-changed,['changeAsset' | 'removeAsset']
697c761c826106f0505ead2bc0c1943238a62672,Bruno Dilly,no-tag-changed,[('Modify' | 'build')],no-tag-changed
b2d5828059fd547c3faf1a79b50fa075f397ad50,Tomaz Canabrava,[('Added' | 'Feature') | ('New' | 'Default') | ('Modify' | 'Default')],[('Added' | 'Mapping')],no-tag-changed
0ed695cce9c78ed456e50b4e43b76f76fc98dba2,Ulisses Furquim,[('Added' | 'Depends')],no-tag-changed,['changeAsset']
af406678b310e9bb610a722640a4972d7ed05089,Leandro Dorileo,no-tag-changed,[('Added' | 'Mapping') | ('Added' | 'build') | ('Modify' | 'Mapping') | ('Remove' | 'build')],['addAsset' | 'changeAsset']
0f5c625000541d6cbaa0ce2f030a83d02f816f87,Leandro Dorileo,[('Remove' | 'Feature') | ('Remove' | 'Default') | ('Remove' | 'Select')],no-tag-changed,no-tag-changed
0c45273fb09534946b704fea99f64c7acbb14eea,Leandro Dorileo,no-tag-changed,[('Added' | 'Mapping')],no-tag-changed
77253265d4d8bd61961ba176ac076f5b35c8bf1c,Vinicius Costa Gomes,no-tag-changed,[('Added' | 'build')],no-tag-changed
c737f45c8842e187dd5b6daf32395de837e0cd8a,Vinicius Costa Gomes,no-tag-changed,[('Modify' | 'build')],no-tag-changed
6c15ac58e4b68f95aa222b55db13213d44d8195b,Murilo Belluzzo,no-tag-changed,[('Modify' | 'build')],no-tag-changed
00b4e6a14a405ea18ec2cc9382d86226fb1cd557,Murilo Belluzzo,[('Remove' | 'Feature')],no-tag-changed,no-tag-changed
f10452a4470ef17398d9ddbe166d7fa9c43a6e56,Murilo Belluzzo,[('New' | 'Depends')],no-tag-changed,no-tag-changed
b73f5a6a2425d3c88a99e7d7026a7c4303b56a56,Murilo Belluzzo,[('Added' | 'Menu') | ('New' | 'Depends')],no-tag-changed,no-tag-changed
ac8b1913e425261ed196da0f3c4bc33d574f0d6a,Murilo Belluzzo,[('Added' | 'Depends') | ('Modify' | 'Feature') | ('Modify' | 'Depends')],[('Added' | 'build') | ('Added' | 'Mapping') | ('Modify' | 'build')],no-tag-changed
7644a4405a0f17457d26cc2d994a83025563441f,Murilo Belluzzo,no-tag-changed,[('Remove' | 'ifdef') | ('Remove' | 'build')],no-tag-changed
d74314d1747fd56398b03140030e52fc7806d215,Murilo Belluzzo,[('Remove' | 'Feature') | ('Remove' | 'Default') | ('Added' | 'Feature') | ('New' | 'Depends') | ('New' | 'Default')],no-tag-changed,no-tag-changed
aa897c95058dd8166507903cd92caa648e73b72b,Leandro Dorileo,no-tag-changed,[('Added' | 'build')],no-tag-changed
229f9730f09043c5e23c8bb2fb2fcd1153a1a4c6,Murilo Belluzzo,[('Modify' | 'Feature')],no-tag-changed,no-tag-changed
b1aadd0258f8ebacb599c433d4706fd42bd1f4ee,Leandro Dorileo,no-tag-changed,[('Modify' | 'build')],no-tag-changed
345881c4a404faf52cf365e3d7e225eadf8c5fd2,Bruno Dilly,no-tag-changed,[('Remove' | 'build') | ('Modify' | 'build')],['changeAsset' | 'removeAsset']
ca032af9834c3b2260738102c95f7ca1bb62d68a,Bruno Dilly,no-tag-changed,[('Added' | 'build')],['changeAsset']
05f7fd2a339f318c64b3830d85e134d8429ee254,Bruno Dilly,no-tag-changed,[('Added' | 'build')],no-tag-changed
d9470b182d6b9178e6963df79d8d128c282fb8d9,Caio Marcelo de Oliveira Filho,no-tag-changed,[('Modify' | 'build')],no-tag-changed
50cf9b5c14b1f978836b280761f0c992b7be0037,Gustavo Lima Chaves,no-tag-changed,[('Remove' | 'build')],['changeAsset']
a4460a7d07b4bd01f2450c0d7f73647ce5cfd474,Murilo Belluzzo,no-tag-changed,[('Modify' | 'build')],no-tag-changed
56aa948f533eca732fce436597a10de8a1ac4981,Leandro Dorileo,no-tag-changed,[('Modify' | 'build')],no-tag-changed
0d936aee0807ea44d4e1d0e7faffd2ed6b1334fa,Gustavo Lima Chaves,no-tag-changed,[('Modify' | 'build')],no-tag-changed
15cfb08892ae488ccc3e0b569bb306371e202e0c,Bruno Dilly,no-tag-changed,[('Modify' | 'build')],no-tag-changed
d86b9f94c6599ef2e8e9c855f3dfb4cfcfddc019,Bruno Dilly,[('Modify' | 'Menu') | ('Added' | 'Feature') | ('New' | 'Default')],[('Added' | 'Mapping') | ('Added' | 'build') | ('Remove' | 'build') | ('Modify' | 'build')],['changeAsset']
ed413406e37c501ffd4544441085d264696d162e,Bruno Dilly,no-tag-changed,[('Added' | 'build') | ('Modify' | 'build')],['changeAsset']
2de4ce974f7f154da1d781a25b523632b5718fa6,Bruno Dilly,[('Added' | 'Menu') | ('Added' | 'Feature') | ('New' | 'Default')],[('Added' | 'Mapping') | ('Added' | 'build') | ('Modify' | 'build')],['changeAsset']
b3428c3a7ab33e60bb6d51b85e25ee74b6b6bde0,Bruno Dilly,no-tag-changed,[('Added' | 'build') | ('Modify' | 'Mapping') | ('Added' | 'Mapping') | ('Modify' | 'build')],no-tag-changed
761cbea6d3e414e2b86b11c8ce40fe35ccae5b04,Bruno Dilly,[('Added' | 'Menu') | ('Added' | 'Feature') | ('New' | 'Default')],[('Added' | 'Mapping') | ('Added' | 'build') | ('Added' | 'ifdef') | ('Remove' | 'build')],['changeAsset']
2e0c9fc1885d2c69f64ce5153dc658b2133aaffb,Caio Marcelo de Oliveira Filho,no-tag-changed,[('Modify' | 'build')],['changeAsset']
995bf0fb20129c93e778f5476fcada5a8d217fd9,Ulisses Furquim,no-tag-changed,[('Added' | 'build')],['addAsset' | 'changeAsset']
bd944073a51000ed06571f03af536bf63b274bed,Ulisses Furquim,no-tag-changed,[('Added' | 'build')],['changeAsset']
09e7bed7f3b6da881943b3bc1f9180c07b493c6a,Leandro Dorileo,no-tag-changed,[('Modify' | 'ifdef')],no-tag-changed
8696b8a962e9eb8df207812c57bede149d014a98,Leandro Dorileo,no-tag-changed,[('Remove' | 'ifdef') | ('Remove' | 'build') | ('Modify' | 'build') | ('Added' | 'build')],no-tag-changed
4b8dc998ac7a2f470eb57729e7644e44e5a8f560,Bruno Dilly,no-tag-changed,[('Added' | 'ifdef') | ('Added' | 'build')],['changeAsset']
15a06da21d94a85d3ef3aeb9ce461ccc4d7fd14f,Leandro Dorileo,no-tag-changed,[('Added' | 'build') | ('Modify' | 'build')],no-tag-changed
732ea217a7fdeb727380ff7417caa76568d53687,Leandro Dorileo,no-tag-changed,[('Added' | 'ifdef') | ('Added' | 'build') | ('Modify' | 'build')],no-tag-changed
618975ea32072672547faf77a935daf5f3a0464c,Leandro Dorileo,no-tag-changed,[('Modify' | 'build') | ('Added' | 'build')],no-tag-changed
b710c9a648a78caf316c6040374a35abb5e83b54,Leandro Dorileo,no-tag-changed,[('Modify' | 'build') | ('Modify' | 'ifdef')],no-tag-changed
75d22cbac231fea8ff88fed445a8e221f1c3aa78,Gustavo Sverzut Barbieri,[('Added' | 'Depends')],no-tag-changed,no-tag-changed
8d5c4d8ce4c4047817b41a1509c5b23521787411,Gustavo Sverzut Barbieri,[('Added' | 'Depends') | ('Modify' | 'Default') | ('Added' | 'Feature') | ('New' | 'Default') | ('New' | 'Depends') | ('Added' | 'Menu') | ('Modify' | 'Depends')],[('Added' | 'build') | ('Added' | 'ifdef') | ('Modify' | 'ifdef') | ('Modify' | 'build')],['changeAsset']
c9333e642c2e4bf159eac01665049f7e1907f922,Gustavo Sverzut Barbieri,no-tag-changed,no-tag-changed,['changeAsset']
3a2e12ee47994b67b2f38bc888507b21330f19ff,Gustavo Sverzut Barbieri,no-tag-changed,[('Modify' | 'build')],no-tag-changed
8240e4ca5d170d7bbdbaa598f396b967fb8f425e,Murilo Belluzzo,no-tag-changed,[('Modify' | 'build')],['changeAsset']
fa06b9ffccc14097e0dcd98c22112a3db4080698,Murilo Belluzzo,no-tag-changed,[('Modify' | 'build')],['changeAsset']
0da99501bfe71b83eecb27d9afb49f749d8a4750,Gustavo Sverzut Barbieri,no-tag-changed,[('Added' | 'ifdef') | ('Added' | 'Mapping') | ('Added' | 'build')],['changeAsset']
11f71d9ee4703168a5916a61f8a6b6dfb4ec2c13,Jesus Sanchez-Palencia,no-tag-changed,[('Added' | 'build')],no-tag-changed
8333c611e7eb2e057eb38ceae60612da290dc699,Leandro Dorileo,no-tag-changed,[('Modify' | 'build')],no-tag-changed
86bd1da915df30b353e147076c5517f458218940,Gustavo Lima Chaves,no-tag-changed,[('Added' | 'build') | ('Added' | 'ifdef')],['changeAsset' | 'addAsset']
16a4ed44fdf0bc117428626d268c0a37978f257d,Gustavo Lima Chaves,no-tag-changed,[('Remove' | 'build')],['removeAsset' | 'changeAsset']
769c8e5dc82bcd1a6f638eac51821a9c791363ad,Flavio Ceolin,[('Modify' | 'Depends')],no-tag-changed,no-tag-changed
021ecdf7b004cc7fd47af429f83476559e18b305,Flavio Ceolin,[('Remove' | 'Depends') | ('Modify' | 'Feature') | ('Modify' | 'Default')],[('Added' | 'build') | ('Modify' | 'Mapping')],no-tag-changed
f45c176794c97e6438582beed250bb37b1e686d8,Flavio Ceolin,no-tag-changed,[('Added' | 'ifdef') | ('Added' | 'build') | ('Added' | 'Mapping') | ('Remove' | 'build')],['changeAsset']
f0258d0e629c440d7f01c44f91ad2180270a5044,Flavio Ceolin,[('New' | 'Depends') | ('Added' | 'Depends')],no-tag-changed,no-tag-changed
810ba8c65381aa135e9b6e7ff4b5429776587b5a,Flavio Ceolin,no-tag-changed,[('Modify' | 'ifdef')],no-tag-changed
0db25d377c97e476644de1c575154f227e9e7569,Bruno Dilly,[('Modify' | 'Menu') | ('Added' | 'Feature') | ('New' | 'Default') | ('New' | 'Depends') | 'changeAsset' | ('Added' | 'Depends')],[('Added' | 'Mapping') | ('Added' | 'build') | ('Added' | 'ifdef') | ('Remove' | 'ifdef') | ('Remove' | 'build') | ('Modify' | 'build')],['changeAsset']
ff7e27b3dc8c9514d433dc5d7ae76944bf835ab8,Flavio Ceolin,[('Added' | 'Depends')],no-tag-changed,no-tag-changed
627a606550fb5e39205a6a1bef10cfd409dad80d,Flavio Ceolin,no-tag-changed,[('Added' | 'build') | ('Modify' | 'build')],['addAsset' | 'changeAsset']
86069ea59cfcd8d4db4fa709721ac6ff87f5cf9f,Caio Marcelo de Oliveira Filho,no-tag-changed,[('Added' | 'build') | ('Modify' | 'build')],['changeAsset' | 'addAsset']
36382cc2ce1907288a68ad1d7340296edc166e88,Murilo Belluzzo,[('Added' | 'Depends')],no-tag-changed,no-tag-changed
3e6c55022c35108a4ca3880f8a2a91c3d1bd1320,Murilo Belluzzo,no-tag-changed,no-tag-changed,['changeAsset']
6910592e19098be87d9cad0020bb823fbca445fa,Leandro Dorileo,no-tag-changed,[('Added' | 'build') | ('Modify' | 'build')],no-tag-changed
214cf40388deb9088dae13a2b2e1f0dd0a384159,Leandro Dorileo,no-tag-changed,[('Modify' | 'build') | ('Added' | 'build')],no-tag-changed
4185c600b2e20fc3b3b64f63ad81a3ee38abc290,Leandro Dorileo,no-tag-changed,[('Added' | 'build')],no-tag-changed
392a2b6bb7c20a3f0fffc3725730b3b09cf34e43,Leandro Dorileo,no-tag-changed,[('Added' | 'build') | ('Modify' | 'build')],['changeAsset']
8755cbfd7b62eaab2145eaf27a8b2dc758b49b42,Leandro Dorileo,no-tag-changed,[('Remove' | 'ifdef') | ('Remove' | 'build') | ('Added' | 'build') | ('Modify' | 'build')],['changeAsset']
31958cfd0bc3dc49f5d843c0e052621318ea7a1e,Leandro Dorileo,no-tag-changed,[('Remove' | 'ifdef') | ('Remove' | 'build') | ('Added' | 'build')],['changeAsset' | 'addAsset']
b19f4d1f1fbc64c77c13b82cafbc24516572af5b,Leandro Dorileo,no-tag-changed,[('Modify' | 'build')],no-tag-changed
19ecbd0095d0a8a29db71e51fa2e3f8e747a6c4f,Caio Marcelo de Oliveira Filho,no-tag-changed,[('Remove' | 'build') | ('Modify' | 'build')],['changeAsset' | 'removeAsset']
99da59e62c06da51b200a1ae72b2c903967ce8d0,Bruno Dilly,no-tag-changed,no-tag-changed,['changeAsset']
8629f9d6fc2914929305d2d6007bd62a54e69ac1,Leandro Dorileo,no-tag-changed,[('Remove' | 'build')],['changeAsset']
c4fa99f2cc31d46d718e73389b4661534c0c6701,Rodrigo Chiossi,[('Added' | 'Menu') | ('Added' | 'Feature') | ('New' | 'Default') | ('Added' | 'Depends') | ('New' | 'Depends')],[('Added' | 'Mapping') | ('Added' | 'build') | ('Modify' | 'build')],['changeAsset']
54f72c157e9b15b1e09a85cc7eb666c2bce6f839,Flavio Ceolin,no-tag-changed,[('Modify' | 'build')],no-tag-changed
679daa78a1033a49808e79af445b171a3eed14d2,Caio Marcelo de Oliveira Filho,no-tag-changed,no-tag-changed,['changeAsset' | 'removeAsset']
4dc76a75e609f1e08be8b99f21165170409c6c55,Ulisses Furquim,no-tag-changed,[('Added' | 'Mapping') | ('Added' | 'build')],['changeAsset']
4ac09fa1d54c6f1c1a7b7748b7c82c92eca1110c,Ricardo de Almeida Gonzaga,no-tag-changed,[('Added' | 'build')],no-tag-changed
05d921c7b82e453109f97e78ceae285c845a2351,José Roberto de Souza,no-tag-changed,[('Modify' | 'build')],['changeAsset']
99449c9ed0b1ecc3d53ccc6b693025773184af41,José Roberto de Souza,[('Added' | 'Feature') | ('New' | 'Depends')],[('Added' | 'Mapping') | ('Added' | 'build') | ('Added' | 'ifdef')],['changeAsset' | 'addAsset']
00ec3b19ca4647fb93dd4e4394611a873c3db75d,José Roberto de Souza,no-tag-changed,[('Added' | 'ifdef') | ('Added' | 'Mapping') | ('Added' | 'build')],['addAsset' | 'changeAsset']
964252b7bea8e81cf76a6a02bfa8305e82b1a7e7,Vinicius Costa Gomes,no-tag-changed,[('Modify' | 'build')],no-tag-changed
df35566dd2d590ef1b25b1281f96d652d457dbec,Leandro Dorileo,no-tag-changed,[('Modify' | 'Mapping') | ('Added' | 'build') | ('Modify' | 'build')],no-tag-changed
98476250e8bda7a4b4cc530253164a294369b730,Leandro Dorileo,no-tag-changed,[('Added' | 'ifdef') | ('Added' | 'build') | ('Modify' | 'build')],['changeAsset']
f1b883a24e9d07e30090ed6a3a6eb59941352f4b,Bruno Dilly,no-tag-changed,[('Added' | 'build') | ('Modify' | 'build')],['changeAsset']
cb95099da3305999fd366cede7b0e3fde28da629,Leandro Pereira,no-tag-changed,[('Modify' | 'build')],['changeAsset']
dc3b9dfd1275e4c734283ee3287a7a9602aa06b2,Bruno Dilly,no-tag-changed,[('Modify' | 'build')],['changeAsset' | 'addAsset' | 'removeAsset']
db30d3575a09a5699c799a27bdf875e5d788b220,Leandro Dorileo,no-tag-changed,[('Modify' | 'build')],no-tag-changed
055eb1ad9d24ee3dceeb7fba0cb7dfc3dd9bd7eb,Tomaz Canabrava,no-tag-changed,no-tag-changed,['addAsset' | 'changeAsset']
18298786e1af206bf818e14d5526b9803cc92d0f,Leandro Dorileo,no-tag-changed,[('Added' | 'build') | ('Added' | 'ifdef') | ('Modify' | 'build')],['changeAsset']
1de0b218c9233a185b80f14c1594d8ae893aa0af,Bruno Dilly,no-tag-changed,[('Remove' | 'build') | ('Modify' | 'build')],['changeAsset']
b85be3ad798a5e07319d063e641f30770178e4dd,Bruno Dilly,no-tag-changed,[('Modify' | 'ifdef') | ('Modify' | 'build') | ('Added' | 'build')],['changeAsset' | 'removeAsset']
f712ce3a2b78bdd17925bf64c37d67c8096b8526,Vinicius Costa Gomes,no-tag-changed,[('Added' | 'build') | ('Modify' | 'build')],['changeAsset']
89224f538a9bd40f43ed5c82b363c4f96d22b2e9,Leandro Dorileo,[('Added' | 'Feature') | ('New' | 'Depends') | ('New' | 'Default')],[('Added' | 'Mapping') | ('Added' | 'build') | ('Modify' | 'build')],['addAsset']
f4ecaaf1de92050644833c580a3ba801300f80db,Ricardo de Almeida Gonzaga,no-tag-changed,[('Added' | 'build')],no-tag-changed
5bf122fe1fa4e7c5c9e571ec2952bff442a75d03,Ricardo de Almeida Gonzaga,no-tag-changed,[('Added' | 'Mapping') | ('Added' | 'build')],['addAsset' | 'changeAsset']
8f007e0b74924b51cbbd2ae8130dba1e61af4413,Ederson de Souza,no-tag-changed,[('Added' | 'build') | ('Modify' | 'Mapping')],['changeAsset' | 'addAsset']
9e940f5a975a8b1bdbc14b11c352932f419cf521,Leandro Dorileo,no-tag-changed,[('Modify' | 'build')],['changeAsset']
67076b2b29535468875b2a052f9c164bf81953c5,Leandro Dorileo,no-tag-changed,[('Remove' | 'build')],no-tag-changed
79d33ddfcbb86e90dc454aa41a2935d0832a6152,Leandro Dorileo,no-tag-changed,[('Remove' | 'build') | ('Modify' | 'build')],no-tag-changed
c2b42affef86a0ab38965ab619922e14857b4160,Leandro Dorileo,no-tag-changed,[('Remove' | 'build')],no-tag-changed
7abc555156d45e998fb7beac6279dcf7222bb3aa,Leandro Dorileo,[('Modify' | 'Select') | ('Modify' | 'Feature') | ('Added' | 'Depends')],[('Modify' | 'Mapping')],['changeAsset']
82d6362448e5ca3d5764563a04f525bbafe06311,Leandro Pereira,[('Added' | 'Feature') | ('New' | 'Default') | ('Added' | 'Depends')],[('Added' | 'build') | ('Added' | 'ifdef') | ('Added' | 'Mapping') | ('Modify' | 'build')],['changeAsset' | 'addAsset']
b0f5aabad15a8f0d7d81fa555eeacb6398c95b98,Leandro Dorileo,no-tag-changed,[('Added' | 'build') | ('Modify' | 'build')],['changeAsset']
d38ac6b39859c5f2db4a6728767499c16d964417,Leandro Dorileo,no-tag-changed,[('Modify' | 'build')],no-tag-changed
871f41c05e4f44791db9a263b27fbdd380236f1d,Gustavo Sverzut Barbieri,no-tag-changed,[('Added' | 'build')],['changeAsset' | 'addAsset']
9f8b7bd714bd5ce253452d8d1b04a54cbd0d7a40,Leandro Dorileo,no-tag-changed,[('Added' | 'build')],no-tag-changed
1821a7f84154e6cbb4f25f824e727bcab90f21db,Bruno Dilly,no-tag-changed,[('Modify' | 'build')],no-tag-changed
c3e1109fda7e85441f28e78e21e182da108743cb,Leandro Dorileo,[('Added' | 'Menu') | ('Added' | 'Feature') | ('New' | 'Default') | ('Added' | 'Depends')],[('Added' | 'ifdef') | ('Added' | 'Mapping') | ('Added' | 'build') | ('Modify' | 'build')],['changeAsset']
f44968723aac5194d44bd92fbe4c46241baec1ae,Leandro Dorileo,[('Added' | 'Feature') | ('New' | 'Default') | ('Added' | 'Depends')],[('Added' | 'ifdef') | ('Added' | 'Mapping') | ('Added' | 'build')],no-tag-changed
4f3c026ef41d0005da25c898038185c014ba7e08,Leandro Dorileo,[('Added' | 'Feature') | ('New' | 'Default')],[('Added' | 'ifdef') | ('Added' | 'Mapping') | ('Added' | 'build') | ('Modify' | 'build')],['changeAsset']
b1f4c157b001c218370f68f04e262adb84685608,Leandro Dorileo,[('Added' | 'Feature') | ('New' | 'Default') | ('Added' | 'Depends')],[('Added' | 'ifdef') | ('Added' | 'Mapping') | ('Added' | 'build') | ('Modify' | 'build')],no-tag-changed
1339082475330ce0e1775d8cd2c2811dea7f1d6a,Leandro Dorileo,[('Added' | 'Feature') | ('New' | 'Default') | ('New' | 'Depends') | ('Added' | 'Depends')],[('Added' | 'Mapping') | ('Added' | 'build') | ('Added' | 'ifdef') | ('Modify' | 'Mapping')],no-tag-changed
aca3b23d5c80adb78f02b818bdf04615cc10b968,Leandro Dorileo,[('Modify' | 'Depends')],[('Modify' | 'build') | ('Modify' | 'ifdef')],['changeAsset']
59f3de1d4f9e6694bda0a0e33e2b9d6e7d8a7c49,Leandro Dorileo,no-tag-changed,[('Added' | 'build') | ('Modify' | 'build') | ('Remove' | 'build')],no-tag-changed
31efecaaf9be3ad51cbf457541d12eb2234d81a8,Leandro Dorileo,no-tag-changed,[('Remove' | 'build') | ('Modify' | 'build') | ('Added' | 'build')],['changeAsset']
9ea568650466cc0c190741f6ef9a63da285b62bb,Leandro Dorileo,[('Added' | 'Menu') | ('Added' | 'Feature') | ('New' | 'Depends') | ('New' | 'Default') | ('Added' | 'Depends')],[('Added' | 'Mapping') | ('Added' | 'build')],no-tag-changed
2aab7600ee1b461e4a3a20a1bb24a28f20e1ae8d,Leandro Dorileo,no-tag-changed,[('Added' | 'build') | ('Modify' | 'build')],no-tag-changed
454dee372f04a7cda8495a2a8bb8e8b9a0136f92,Bruno Dilly,no-tag-changed,[('Added' | 'build')],no-tag-changed
1778ffffd8ae251b57212517dddb78f6f69e6e45,Bruno Dilly,[('Added' | 'Depends')],no-tag-changed,no-tag-changed
8d2e8aeb2c00a20775cc8f38f000c232de600ba1,Bruno Dilly,[('Added' | 'Feature') | ('New' | 'Depends') | ('New' | 'Default')],[('Added' | 'Mapping')],['removeAsset' | 'changeAsset' | 'addAsset']
3bc46684329c2ba831528057e52f2ae71736145c,Gustavo Lima Chaves,no-tag-changed,[('Added' | 'Mapping')],['changeAsset' | 'addAsset']
24a13c75ab1df08fd97f038957a766d9167c574b,Caio Marcelo de Oliveira Filho,no-tag-changed,no-tag-changed,['changeAsset' | 'addAsset']
b9dc3ad401186bd7fac568101f87b750bd525dc4,Gustavo Sverzut Barbieri,[('Added' | 'Feature') | ('New' | 'Default')],[('Added' | 'Mapping')],['changeAsset']
13a1329a21f29b8e3866f6cbcd68e5ed62d493d0,Leandro Dorileo,no-tag-changed,[('Remove' | 'build')],['changeAsset']
611d13fdcf9df2636cbc0b64cf35c36d97621b44,Gustavo Lima Chaves,no-tag-changed,[('Modify' | 'Mapping')],['addAsset' | 'changeAsset']
bab5c0767417253e56914030f9a4ced8321f4755,Murilo Belluzzo,[('Added' | 'Feature') | ('New' | 'Default') | ('Added' | 'Depends')],[('Added' | 'ifdef') | ('Added' | 'Mapping') | ('Added' | 'build')],['addAsset' | 'changeAsset']
630a2aaebedbfb333ba204c2fb6c96cdf0c5aa2d,Leandro Dorileo,no-tag-changed,[('Added' | 'build')],no-tag-changed
83c84ff88d68e7205d416969e9c3028ec0146822,Leandro Dorileo,[('Added' | 'Feature') | ('Added' | 'Depends') | ('New' | 'Default') | ('Modify' | 'Menu') | ('New' | 'Depends')],[('Added' | 'Mapping') | ('Added' | 'build')],no-tag-changed
75c9bb5a6f57abc262c4ea1965b3f838ad2f666b,Iván Briano,[('Remove' | 'Feature') | ('Remove' | 'Depends') | ('Remove' | 'Default')],[('Remove' | 'Mapping') | ('Remove' | 'build') | ('Added' | 'build') | ('Modify' | 'build')],['changeAsset']
4d2a86f739fa1758b45a517c4bd442305c128f1f,Iván Briano,[('Added' | 'Depends') | ('Modify' | 'Depends') | ('Remove' | 'Depends')],no-tag-changed,no-tag-changed
1c2a5f8844908a54cd082043404c05bfb06452f9,Iván Briano,[('New' | 'Depends')],[('Remove' | 'build') | ('Modify' | 'build')],no-tag-changed
c1d5b0f4a976c5ea807298f4dd1b6b8ede2ceb63,Iván Briano,[('Modify' | 'Depends') | ('Added' | 'Depends') | ('Remove' | 'Default') | ('Remove' | 'Select') | ('Remove' | 'Depends') | ('Modify' | 'Feature')],[('Modify' | 'Mapping') | ('Modify' | 'ifdef')],['changeAsset']
44d8d9e9f7755d5da5f7fb32900acc1f67e46973,Iván Briano,[('Remove' | 'Feature') | ('Remove' | 'Default')],[('Modify' | 'build')],no-tag-changed
3fed93d07f8efd8900704119bcdd0dd60b05d5bb,Iván Briano,[('Remove' | 'Feature') | ('Remove' | 'Default') | ('Remove' | 'Depends')],[('Remove' | 'build') | ('Remove' | 'Mapping') | ('Modify' | 'Mapping') | ('Modify' | 'ifdef') | ('Modify' | 'build')],['changeAsset']
d4ab45be218b17259b3c12f709e2a5e559dfcd49,Iván Briano,[('Added' | 'Feature') | ('New' | 'Default') | ('Added' | 'Depends') | ('Modify' | 'Depends') | ('Remove' | 'Depends') | ('Remove' | 'Feature') | ('Remove' | 'Default') | ('Modify' | 'Select') | ('New' | 'Depends') | ('Added' | 'Menu')],[('Modify' | 'Mapping') | ('Added' | 'ifdef') | ('Added' | 'build')],no-tag-changed
88fc6be9dc042d1be93708d3134050167e9858a4,Murilo Belluzzo,[('Modify' | 'Feature')],[('Modify' | 'build') | ('Remove' | 'build') | ('Remove' | 'ifdef') | ('Modify' | 'ifdef')],['changeAsset']
ee867c55ae2a3eab5dd3afd142604fe65f978c80,Leandro Dorileo,no-tag-changed,[('Added' | 'ifdef') | ('Added' | 'build') | ('Modify' | 'build')],no-tag-changed
ed9aa922d76e63cc3e0d1536e9a7b8b39e8ede45,Leandro Dorileo,no-tag-changed,[('Added' | 'ifdef') | ('Added' | 'build')],no-tag-changed
eb0fc42071c663ab5bd849e53a9eb24f52fd1877,Bruno Dilly,[('Added' | 'Depends')],[('Added' | 'Mapping') | ('Modify' | 'Mapping')],no-tag-changed
85f9680c317da7e664e8469b5cd4e5067f431539,Leandro Dorileo,[('Added' | 'Feature') | ('New' | 'Depends') | ('New' | 'Default') | ('Added' | 'Default')],[('Added' | 'ifdef') | ('Added' | 'build')],['changeAsset']
2d8ea5e798af0fee5dfc112b9b7d42db0d3ef60b,Ederson de Souza,no-tag-changed,[('Added' | 'build') | ('Modify' | 'build')],['addAsset']
dfe54e752ba74f029d617848df4e5be11180eb56,Bruno Dilly,no-tag-changed,[('Added' | 'Mapping') | ('Added' | 'build') | ('Modify' | 'Mapping')],['changeAsset' | 'addAsset']
eba29879a25fdb3e9155d5b71311e5f941cf5673,Gustavo Lima Chaves,no-tag-changed,[('Added' | 'ifdef') | ('Added' | 'Mapping') | ('Added' | 'build') | ('Modify' | 'Mapping')],['addAsset' | 'changeAsset']
94981e77c802d177ae31e0b11c1a3b44180e2cb7,Gustavo Sverzut Barbieri,no-tag-changed,[('Remove' | 'Mapping')],['changeAsset']
8828bfdd12e61eab9b503f666181efa162664dfc,Gustavo Sverzut Barbieri,no-tag-changed,[('Remove' | 'Mapping')],no-tag-changed
a84ddc0da8e0692791c363ffc531f13b1557db58,Gustavo Sverzut Barbieri,no-tag-changed,[('Modify' | 'Mapping')],['changeAsset']
134995dcfe7064737432a3de0bc5724a85cb6454,Gustavo Sverzut Barbieri,[('Added' | 'Depends')],no-tag-changed,['changeAsset']
217beb895fd8c69fb1ea3ad754d8f3114425a305,Leandro Dorileo,no-tag-changed,[('Added' | 'build') | ('Modify' | 'build')],no-tag-changed
c823fdfa5ab5e7255d61f3f85d5a00751c209985,José Roberto de Souza,[('Added' | 'Select')],no-tag-changed,no-tag-changed
7e4802a35d49bd1911efe26b69135b17cde290e2,José Roberto de Souza,[('New' | 'Depends')],no-tag-changed,no-tag-changed
8f949c34a5a0a977919d0546446ed90fb17d3740,José Roberto de Souza,[('New' | 'Depends')],no-tag-changed,no-tag-changed
f4daeaa678a4090c36fdf0d56f53a73e630ed58c,José Roberto de Souza,[('Added' | 'Depends')],no-tag-changed,no-tag-changed
eb916cca32ff51cd1cb62d26c2a83807d105e9f0,José Roberto de Souza,[('Added' | 'Depends')],no-tag-changed,no-tag-changed
326e41fc772b6c3de77a82ef7e7660ded8181b09,Ricardo de Almeida Gonzaga,no-tag-changed,[('Modify' | 'build')],no-tag-changed
9b865583a8c3a82b7239bdc5cb4779a226e4194b,Tomaz Canabrava,no-tag-changed,[('Added' | 'ifdef') | ('Added' | 'Mapping') | ('Added' | 'build')],['changeAsset']
b29fad7082024e96ed5d67058830fcfda905f756,Iván Briano,[('Modify' | 'Depends') | ('Modify' | 'Feature') | ('Added' | 'Depends')],[('Modify' | 'Mapping')],['changeAsset']
a84a4e6607a43571104fd9f9098cb2466aee873e,Iván Briano,[('Added' | 'Depends')],[('Added' | 'ifdef') | ('Added' | 'build') | ('Added' | 'Mapping')],['changeAsset']
e185b20c1702a332ae11ee3a6090ec908f18bd48,Iván Briano,[('Added' | 'Select')],no-tag-changed,no-tag-changed
45e166a52e7330228d375c8f0571242117aec918,Gustavo Lima Chaves,no-tag-changed,[('Modify' | 'Mapping')],['changeAsset' | 'addAsset']
1e6ad8b9044df5e085cd32b66f07a4955ce9a10b,Ricardo de Almeida Gonzaga,no-tag-changed,[('Modify' | 'build')],['changeAsset']
c07ce9efd774c666682dce48e0c806a07b65d77a,Ricardo de Almeida Gonzaga,no-tag-changed,[('Added' | 'build') | ('Added' | 'Mapping')],['addAsset' | 'changeAsset']
60170fe7d11b3faecbd42b683cf9b3b88c5cd676,Flavio Ceolin,no-tag-changed,[('Remove' | 'Mapping')],no-tag-changed
5404953e9cad6c150cd1e155fc1540f4b435d3a1,Leandro Dorileo,no-tag-changed,[('Modify' | 'build')],no-tag-changed
3c6aa6d2057426e84ba31c98bea51a478fdbeb72,Caio Marcelo de Oliveira Filho,no-tag-changed,no-tag-changed,['changeAsset' | 'addAsset']
4157352c84a2d2b8e9a13e8981f5c27c47ceac97,Caio Marcelo de Oliveira Filho,[('Added' | 'Feature') | ('New' | 'Depends') | ('New' | 'Default')],[('Remove' | 'ifdef') | ('Remove' | 'build') | ('Remove' | 'Mapping') | ('Modify' | 'ifdef')],no-tag-changed
094fe3c3fc5466bbf252130b73c0e6d07630b50c,Leandro Dorileo,no-tag-changed,[('Added' | 'build')],['changeAsset']
b4746264c59da9ea449c4550e2856dd550fad369,Leandro Dorileo,no-tag-changed,[('Added' | 'ifdef') | ('Added' | 'build')],['changeAsset']
ab06c0ce3c8b0ac5345d0eec27ea6c61eb06e69c,Caio Marcelo de Oliveira Filho,[('New' | 'Depends')],no-tag-changed,no-tag-changed
91450e68c615fecfc41c6d362ae989e0d7ff6c50,Flavio Ceolin,no-tag-changed,[('Added' | 'ifdef') | ('Added' | 'Mapping') | ('Added' | 'build')],['changeAsset']
ce0b03c22ff10be33b85bf9911d624fd5d5efc97,Leandro Dorileo,no-tag-changed,[('Added' | 'build')],no-tag-changed
83eff3c9cec50b8c8b56509b2da54368d455f534,Leandro Dorileo,[('Added' | 'Depends')],[('Modify' | 'build')],no-tag-changed
2373782042b0628d79cfd38699e712b100690b8c,Leandro Dorileo,no-tag-changed,[('Remove' | 'build') | ('Modify' | 'build')],no-tag-changed
a203c9784a40c58455388049ba5322972b9509c5,Bruno Dilly,no-tag-changed,no-tag-changed,['changeAsset']
b9a045f7e00ced5ee5051818a7d571fd93bff730,Leandro Dorileo,no-tag-changed,[('Remove' | 'build') | ('Modify' | 'build') | ('Added' | 'build')],no-tag-changed
da5a3f358c7660af96d7e99d2f0a39437e2527f3,Leandro Dorileo,no-tag-changed,[('Added' | 'build') | ('Modify' | 'build')],no-tag-changed
15fd9922607d99a3d09a0a42ed84aeb0b43d0899,Leandro Dorileo,no-tag-changed,[('Modify' | 'build')],no-tag-changed
7b4c771a88bce9a46af810453ff62dae59da8943,Gustavo Sverzut Barbieri,no-tag-changed,[('Added' | 'build')],['changeAsset']
c6dcfe5b0df73dd341ef955a171fab8648495b9c,Leandro Dorileo,no-tag-changed,[('Added' | 'build') | ('Modify' | 'build') | ('Modify' | 'ifdef')],['changeAsset']
f3f390c41d89ac921f23bd93e12268711196fe83,Gustavo Sverzut Barbieri,[('Added' | 'Depends')],no-tag-changed,no-tag-changed
d90e7371c3a49198816cf843c2d8adceee98e5d6,Leandro Dorileo,no-tag-changed,[('Added' | 'build')],no-tag-changed
d106e71eb6b3e7bf76e74c90c47f9b574956cb78,Bruno Dilly,no-tag-changed,no-tag-changed,['changeAsset' | 'addAsset']
87188f5e72b626167b8180e2cc4cb59a92466186,Bruno Dilly,no-tag-changed,no-tag-changed,['changeAsset' | 'addAsset']
f392f4e94b4155d616041fd68cf107c886945f57,Gustavo Lima Chaves,no-tag-changed,[('Added' | 'build') | ('Added' | 'ifdef') | ('Added' | 'Mapping')],['changeAsset' | 'addAsset']
7032b46b797f742542693fe0f62556614400233e,Leandro Dorileo,no-tag-changed,[('Modify' | 'build')],no-tag-changed
46741312dcc4e68337377e4f0ea0e34d9f08c032,José Roberto de Souza,[('Added' | 'Depends')],[('Added' | 'Mapping')],no-tag-changed
e23c91b179f34c66c7c58b844c74f86beabe37e6,Leandro Dorileo,no-tag-changed,[('Added' | 'Mapping') | ('Added' | 'build') | ('Modify' | 'build')],['changeAsset']
839b065e943fe366898f94301c8e5be5854b1aad,Leandro Dorileo,no-tag-changed,[('Modify' | 'build')],no-tag-changed
af63bff3856e255c24a5f1db3e9a5cc9dcbc191f,Gustavo Lima Chaves,[('Added' | 'Feature') | ('Added' | 'Depends') | ('New' | 'Default')],[('Modify' | 'ifdef')],['changeAsset']
d4d9f0f07f92fdd9612134a31abfe3ca8e2cad02,Leandro Dorileo,[('New' | 'Default') | ('Added' | 'Feature') | ('Added' | 'Depends')],[('Modify' | 'build') | ('Added' | 'ifdef') | ('Added' | 'build')],no-tag-changed
63a3e9316907002e80a46c9118c61dbb725aef72,Caio Marcelo de Oliveira Filho,no-tag-changed,[('Modify' | 'build')],no-tag-changed
c065eebc42c0972e1820bb2b3019746a530d3fb0,Caio Marcelo de Oliveira Filho,no-tag-changed,[('Added' | 'build')],['addAsset']
ded44e1387b32db37161abe1cd0629657a0fa266,Caio Marcelo de Oliveira Filho,no-tag-changed,[('Added' | 'Mapping') | ('Added' | 'build') | ('Modify' | 'build')],['changeAsset' | 'addAsset']
446bc7e43c97c7a54cb809980e76fb8552d11259,Caio Marcelo de Oliveira Filho,[('Remove' | 'Feature') | ('Remove' | 'Depends') | ('Remove' | 'Default') | ('Added' | 'Feature') | ('Added' | 'Depends') | ('Added' | 'Default') | ('Modify' | 'Depends')],[('Remove' | 'Mapping') | ('Remove' | 'build') | ('Added' | 'Mapping') | ('Added' | 'build') | ('Added' | 'ifdef')],['removeAsset' | 'changeAsset']
b3401ae23ace47455799f2e78d6e809c246d836d,Ederson de Souza,[('Modify' | 'Depends')],no-tag-changed,['changeAsset']
90af0e9438e681383318bb77821e001d3c74cedb,Caio Marcelo de Oliveira Filho,no-tag-changed,[('Modify' | 'build')],no-tag-changed
719ef813eda593db30cf1e3684302e8af07e112c,Leandro Dorileo,no-tag-changed,[('Added' | 'build') | ('Modify' | 'build')],no-tag-changed
31b8ab472a930ed137835e13c71a44525795f725,Bruno Dilly,no-tag-changed,[('Added' | 'build')],no-tag-changed
1069974351b7b760092abea9faba31e9a5a84919,Leandro Dorileo,[('New' | 'Default') | ('Added' | 'Feature') | ('Added' | 'Depends') | ('Added' | 'Default')],[('Added' | 'build') | ('Added' | 'ifdef')],no-tag-changed
0b0d12fb99fd0c01393dbfe9b1f1013844926ebb,Leandro Dorileo,[('Added' | 'Feature') | ('New' | 'Depends') | ('New' | 'Default')],[('Added' | 'ifdef') | ('Added' | 'build')],['changeAsset']
89922d35f69fddeba11fe46a97188c1eb626d28f,Leandro Dorileo,no-tag-changed,[('Modify' | 'build')],no-tag-changed
3a13473ea8d426c9783c08c6fa79157f242b2d6c,Iván Briano,[('Added' | 'Select')],[('Added' | 'build') | ('Modify' | 'build')],['changeAsset' | 'addAsset']
f842532a07f203b2786f1ad3fb2ae86f959bcb7b,Leandro Dorileo,no-tag-changed,[('Added' | 'build')],no-tag-changed
abd633174579cb23d3f4282d2db3203ea71d7407,Leandro Dorileo,no-tag-changed,[('Modify' | 'build') | ('Added' | 'build')],['changeAsset']
d97adb17b2ec3c255096886d185e0089d8d9b78a,Caio Marcelo de Oliveira Filho,no-tag-changed,[('Added' | 'build') | ('Modify' | 'build')],no-tag-changed
9024c4a234bf1ff0d3e9d0ab21cbf204fe07e1a3,Gustavo Lima Chaves,no-tag-changed,no-tag-changed,['changeAsset' | 'addAsset']
3b5e5764ae334064675eafea5d0c763ef137fb77,Leandro Dorileo,no-tag-changed,[('Added' | 'build') | ('Modify' | 'build')],['changeAsset']
476641481f4e7a70e43842457676767d88beaf5d,Leandro Dorileo,no-tag-changed,[('Remove' | 'build')],no-tag-changed
fd274c9e1cfa566e6066e6d89aa218969244286b,Leandro Dorileo,no-tag-changed,[('Remove' | 'build') | ('Added' | 'build')],['removeAsset' | 'addAsset']
935ebeed0ab0dbf748f03e9953d202eea3318cd7,Leandro Pereira,no-tag-changed,[('Modify' | 'build')],['changeAsset']
b1738b77be19b10daf18191f64de08e07ec0f0b8,Bruno Dilly,no-tag-changed,no-tag-changed,['changeAsset' | 'addAsset']
6b7d59ebec0c9fa3be5102dbefee293b70323682,Bruno Dilly,no-tag-changed,no-tag-changed,['changeAsset' | 'addAsset']
50d3c9486ff9032933400b6ed02b9567e1bda588,Bruno Dilly,no-tag-changed,no-tag-changed,['changeAsset' | 'addAsset']
2e044055cf3f66311d872642b6d79e149c8cf986,Bruno Dilly,no-tag-changed,no-tag-changed,['changeAsset' | 'addAsset']
7393eef4c866324001c6cbf6e123ded2a5e2770a,Leandro Dorileo,no-tag-changed,[('Added' | 'build')],['addAsset']
db16c65e722f842f7fdb97fec30e779745d1c5fa,Leandro Pereira,no-tag-changed,[('Added' | 'build') | ('Modify' | 'build')],['changeAsset' | 'addAsset']
16b7dafa5032c82e249b34affdfad41d8497345d,Gustavo Lima Chaves,[('Added' | 'Menu') | ('Added' | 'Feature') | ('New' | 'Depends') | ('Added' | 'Default')],[('Modify' | 'Mapping') | ('Added' | 'Mapping')],['changeAsset' | 'addAsset']
8172964f90a0f196aa1ca450cac8728c32a54dd9,Leandro Dorileo,no-tag-changed,[('Remove' | 'build') | ('Modify' | 'build')],no-tag-changed
3e78c8713432e14df8f37aa360437bd7418c6641,Gustavo Sverzut Barbieri,[('Added' | 'Feature') | ('New' | 'Default') | ('Added' | 'Depends')],[('Added' | 'Mapping') | ('Modify' | 'build')],['changeAsset']
34ddf12cabef8dcb8ce88998dce71e3661eb5cb2,Leandro Pereira,no-tag-changed,[('Modify' | 'build')],['changeAsset' | 'addAsset' | 'removeAsset']
1998d00b340c5b4e78024644d1e715ba38624380,Leandro Dorileo,no-tag-changed,[('Added' | 'Mapping') | ('Modify' | 'build') | ('Remove' | 'build') | ('Modify' | 'ifdef')],['changeAsset']
857edca4038061e819d49093d115785022c0286b,Leandro Dorileo,no-tag-changed,[('Added' | 'build') | ('Modify' | 'build')],['changeAsset']
8c7431c23b65ca1fb199f58c8ee4a3a15496a53a,Leandro Dorileo,no-tag-changed,[('Modify' | 'build')],['changeAsset']
4e6e90071a8c0aeb349bb2eb907f8d732ea23321,Bruno Dilly,no-tag-changed,no-tag-changed,['changeAsset' | 'addAsset']
c2c1bf746eb7563c497c41fb7935d6ae4c8b4f65,Bruno Dilly,no-tag-changed,no-tag-changed,['changeAsset' | 'addAsset']
2c3dfed1f182979849156ab1ddae4f262af0ece8,Gustavo Lima Chaves,[('Remove' | 'Depends') | ('Modify' | 'Feature') | ('Modify' | 'Default')],[('Added' | 'build') | ('Modify' | 'build')],no-tag-changed
a8be958e1fe090a0e2eab3854ac80b3392edcbe2,Gustavo Lima Chaves,no-tag-changed,no-tag-changed,['changeAsset' | 'addAsset']
26a08d60ab5a9ad84dc1a28ec74500a8046ebadd,Gustavo Lima Chaves,no-tag-changed,no-tag-changed,no-tag-changed
e1d652ef50b1cbd228c39291bcf0bd9a53a5edba,Leandro Dorileo,no-tag-changed,[('Added' | 'build') | ('Added' | 'ifdef')],no-tag-changed
cc6a28ad5e8b7db4708877ecaf95c7d8b5dbb209,Bruno Dilly,no-tag-changed,no-tag-changed,['changeAsset' | 'addAsset']
9f4827f35dbac3ef6c04969904a985b19cbe7546,Bruno Dilly,no-tag-changed,no-tag-changed,['changeAsset' | 'addAsset']
3a584f0f839bdff8093a4f9006da500d446f8f53,Bruno Dilly,no-tag-changed,[('Modify' | 'build')],['changeAsset']
92aa5ed46c774b809a0fd8c901bea4dfd66e7719,Bruno Dilly,no-tag-changed,no-tag-changed,['changeAsset' | 'addAsset']
5293f12e59f600812cab4a197a238f60a870dc28,Flavio Ceolin,[('Modify' | 'Menu') | ('Modify' | 'Feature') | 'changeAsset'],[('Added' | 'Mapping')],['changeAsset']
a183360dd4d2954d78adc1b0e0b4855eb59fc5c3,Flavio Ceolin,[('Modify' | 'Default')],no-tag-changed,no-tag-changed
193258be02503669afa78a71da7009d86e25dffb,Bruno Dilly,[('Added' | 'Depends') | ('Modify' | 'Depends')],[('Added' | 'build') | ('Modify' | 'Mapping') | ('Added' | 'Mapping') | ('Modify' | 'build')],no-tag-changed
5f1d855cb7337d98bd0c6734e7b3b777c19f3a86,Bruno Dilly,[('Added' | 'Menu') | ('Added' | 'Feature') | ('Added' | 'Depends') | ('New' | 'Default')],[('Added' | 'Mapping') | ('Added' | 'build')],no-tag-changed
ebcfb01489b273cfd16041e76c3880088309e198,Gustavo Lima Chaves,no-tag-changed,[('Added' | 'Mapping')],no-tag-changed
9be843b1b5570effaeed6b818abd3106aeceae8a,Leandro Dorileo,no-tag-changed,[('Remove' | 'build') | ('Modify' | 'build')],['changeAsset']
b2c68bfcb9ecd4b2ad281dca7651d00f51e291b1,Leandro Dorileo,no-tag-changed,[('Modify' | 'build')],no-tag-changed
5d828031aa0dfdfa42272ab265a149850367f895,Flavio Ceolin,[('Added' | 'Feature') | ('New' | 'Default') | ('New' | 'Select')],[('Added' | 'Mapping') | ('Added' | 'build')],['changeAsset' | 'addAsset']
ba62dbece9c2ca5f9fc887672d1da367b89ec023,Flavio Ceolin,no-tag-changed,no-tag-changed,['changeAsset' | 'addAsset']
116e6774e381319040a491d9068d5db1ed37743a,Flavio Ceolin,no-tag-changed,no-tag-changed,['changeAsset' | 'addAsset']
0f47c95e52c30487348324abddbb5495ab632fc8,Flavio Ceolin,no-tag-changed,no-tag-changed,['changeAsset' | 'addAsset']
b889b7a970ab2157432403246274ea5b45836910,Bruno Dilly,[('Added' | 'Depends')],no-tag-changed,no-tag-changed
362cec7955e00b83e3280c58a16c113f4758902d,Bruno Dilly,no-tag-changed,no-tag-changed,['changeAsset' | 'addAsset']
3f4b8e2e5425b91a5d88133d887f241e2ff4887c,Leandro Dorileo,no-tag-changed,[('Modify' | 'build')],no-tag-changed
c03a9c1fe2c078ead78accb5ea5765a42e99918a,Bruno Dilly,[('Added' | 'Menu') | ('Added' | 'Feature') | ('Added' | 'Depends') | ('New' | 'Default')],[('Added' | 'Mapping') | ('Added' | 'build')],['changeAsset']
a759e556dd6e6ca108dcd7ba7652acfe415d5c49,Bruno Dilly,[('Added' | 'Menu') | ('Added' | 'Feature') | ('Added' | 'Depends') | ('New' | 'Default')],[('Added' | 'Mapping') | ('Added' | 'build')],['changeAsset']
079af402a8cf712f9806f232cf9a8eec4aa23d2b,Bruno Dilly,[('Added' | 'Menu') | ('Added' | 'Feature') | ('Added' | 'Depends') | ('New' | 'Default')],[('Added' | 'Mapping') | ('Added' | 'build')],['changeAsset']
580c1eebacf9c11020d37e022f61d24347223391,Bruno Dilly,[('Added' | 'Menu') | ('Added' | 'Feature') | ('Added' | 'Depends') | ('New' | 'Default')],[('Added' | 'Mapping') | ('Added' | 'build')],['changeAsset' | 'addAsset']
0e67c99fc192e1a17d06bc2130ae8e8ccc55f85a,Anselmo L. S. Melo,no-tag-changed,[('Remove' | 'build') | ('Remove' | 'ifdef')],['removeAsset']
a6aa039af0cc900f8ca037c75e751831ddeb73b5,Murilo Belluzzo,no-tag-changed,[('Added' | 'Mapping')],['changeAsset' | 'addAsset']
e96754052e230c60fed2d79d8dbd8cec76b5f3cb,Bruno Dilly,no-tag-changed,[('Added' | 'build')],['changeAsset']
e8eb3bd39909a9610d8cd7e8c711f1125c8f40dd,Bruno Dilly,no-tag-changed,[('Modify' | 'build')],['changeAsset']
40cd0c4483b55c74eef649f8c7537c62a52ecc31,Gustavo Lima Chaves,no-tag-changed,no-tag-changed,['changeAsset' | 'addAsset']
e538eac055eb773ea9b1503580271038cf5d0ac5,Gustavo Lima Chaves,no-tag-changed,[('Modify' | 'Mapping')],['changeAsset' | 'addAsset']
4c792c7237bc2799bb53d6566b466a35f34dc553,Ederson de Souza,[('Added' | 'Feature') | ('New' | 'Depends') | ('New' | 'Default') | ('Modify' | 'Depends')],[('Added' | 'Mapping') | ('Added' | 'build') | ('Remove' | 'build') | ('Modify' | 'build')],['changeAsset']
3128fbeba93c3fc6cf91e034bdb99cdf274a577f,Ederson de Souza,[('New' | 'Depends') | ('New' | 'Default') | ('Added' | 'Feature') | ('Added' | 'Depends')],[('Added' | 'build') | ('Added' | 'Mapping') | ('Remove' | 'build') | ('Modify' | 'build')],['changeAsset']
029e354e7f36397612c2a41a5326fb14a3da993e,Ederson de Souza,[('Added' | 'Feature') | ('New' | 'Depends') | ('New' | 'Default') | ('Added' | 'Depends')],[('Added' | 'Mapping') | ('Added' | 'build')],['addAsset' | 'changeAsset']
c28fdf680e02af4cfd0700113e7fd7c76ea77e02,Ederson de Souza,no-tag-changed,[('Added' | 'Mapping')],['addAsset' | 'changeAsset']
54d89b308ed4950d369939782659698ab2fe64c8,Ederson de Souza,no-tag-changed,no-tag-changed,['addAsset' | 'changeAsset']
162b5cb3f82ed8ad4eabc04c6d5c4fc729277e75,Leandro Dorileo,no-tag-changed,[('Added' | 'build') | ('Added' | 'ifdef') | ('Modify' | 'build')],['changeAsset']
dda987e9f63c38dc45e415bcaa02adbcf282a477,Leandro Dorileo,[('Remove' | 'Depends')],no-tag-changed,['changeAsset']
45548bc2725591c931b22b29fc9fe0686bd04765,Iván Briano,no-tag-changed,[('Added' | 'build')],['changeAsset' | 'addAsset']
ce390eee8bcf30caf4b185c193f221feb17a9243,Iván Briano,[('Added' | 'Depends')],[('Remove' | 'Mapping')],['changeAsset']
e2babec75008bd793362fea3313cad0b4193ecc6,Iván Briano,no-tag-changed,[('Modify' | 'build')],no-tag-changed
d5243f9c58a02e10581374abe1d48c72e8b0e971,Iván Briano,no-tag-changed,[('Remove' | 'Mapping')],['changeAsset']
57bca65455fb1ff54218adbe8483a0a9caeabb9e,Iván Briano,no-tag-changed,[('Remove' | 'build')],['changeAsset']
ed598366d2ac24a950a43c798b5b078191667cf5,Iván Briano,no-tag-changed,[('Modify' | 'build')],no-tag-changed
6f30da6ae15455286fbaf3284dda8ffd2cfebbca,Leandro Dorileo,no-tag-changed,[('Added' | 'build')],no-tag-changed
79fb5e70ccd8c6f90272ff95611a17cf3fa1b458,Bruno Dilly,no-tag-changed,[('Added' | 'build') | ('Modify' | 'Mapping')],['changeAsset' | 'addAsset']
d9373c7cebbec1250030da6bb48fd43b33140d86,Bruno Dilly,no-tag-changed,[('Added' | 'build') | ('Modify' | 'Mapping')],['addAsset' | 'changeAsset']
8c09e32d21987e71365e90f6dd45221e9366d836,Bruno Dilly,no-tag-changed,no-tag-changed,['changeAsset' | 'addAsset']
3c0a1e27741600df9c57b0a76aff852221f02193,Leandro Dorileo,no-tag-changed,[('Remove' | 'build') | ('Modify' | 'build')],no-tag-changed
7299e3456e4423d667aa0fd2f089293810a35a52,Gustavo Sverzut Barbieri,[('Modify' | 'Feature') | ('Modify' | 'Depends') | ('Modify' | 'Default')],no-tag-changed,no-tag-changed
44f4aa11479d7c3b148ac2bb913b5f89870fe72f,Gustavo Sverzut Barbieri,[('Added' | 'Depends') | ('Modify' | 'Default')],[('Added' | 'build') | ('Added' | 'ifdef') | ('Modify' | 'build')],['changeAsset']
8c7a21484c63413f2810b67f40564e0aa12ee35b,Guilherme Iscaro de Godoy,no-tag-changed,no-tag-changed,['changeAsset' | 'addAsset']
26a40ae3246b4ff733f19692716f6b2efe63ab88,Murilo Belluzzo,[('Modify' | 'Menu') | ('Modify' | 'Feature') | 'changeAsset'],[('Added' | 'Mapping') | ('Added' | 'build')],['changeAsset']
f302adf430197c6c71a4360140fb2ccc3fc563ad,Leandro Pereira,[('Added' | 'Depends')],[('Added' | 'build') | ('Added' | 'Mapping') | ('Modify' | 'build')],['changeAsset' | 'addAsset']
1d899fd453efdf32d89aecd234d660b2e771894f,Otavio Pontes,no-tag-changed,no-tag-changed,['changeAsset' | 'addAsset']
4d014c550390a75ba9f60ac6a9dbf0aea3d3d100,Guilherme Iscaro de Godoy,[('Added' | 'Feature') | ('New' | 'Default')],[('Added' | 'Mapping')],['changeAsset' | 'addAsset']
387956d6f1ff2a9a9025a8e6f4dad9f883773618,Guilherme Iscaro de Godoy,no-tag-changed,[('Added' | 'build')],['addAsset' | 'changeAsset']
2d93ea09f4c732eee3ffb8bf3587af0563b63417,Bruno Dilly,no-tag-changed,no-tag-changed,['changeAsset' | 'addAsset']
8c73c7bb127f06b2de5c9da429244051728c472d,Iván Briano,no-tag-changed,[('Modify' | 'build')],['changeAsset']
0f0e937ea5c5171be681b5b7787cbabc083d523a,Ederson de Souza,no-tag-changed,no-tag-changed,['addAsset' | 'changeAsset']
86521e201c155577f4e42e5c09a3842bbf36393c,Gustavo Sverzut Barbieri,no-tag-changed,no-tag-changed,['changeAsset' | 'addAsset']
ddeba561268f95bb1334ba2508a689a087401dd2,Gustavo Sverzut Barbieri,[('Added' | 'Menu') | ('Added' | 'Feature') | ('New' | 'Depends') | ('New' | 'Default')],[('Added' | 'Mapping') | ('Added' | 'build')],['addAsset']
e0daf73ea72857126873dcc19a45b598fea10f5d,Gustavo Sverzut Barbieri,no-tag-changed,[('Added' | 'Mapping') | ('Modify' | 'Mapping')],no-tag-changed
71a973bdc412be5ecf77bec5dfdd89da8f1fa478,Gustavo Sverzut Barbieri,no-tag-changed,no-tag-changed,['changeAsset' | 'addAsset']
c55cf78198540e8d9b0916f7cab9ff26c5c912e6,Otavio Pontes,no-tag-changed,no-tag-changed,['changeAsset' | 'addAsset']
dd2353ba2326d58c462bfcdaeb2ee66d20850fa5,Leandro Dorileo,no-tag-changed,[('Modify' | 'build') | ('Remove' | 'build')],no-tag-changed
b88a278960144fcdfc170d8729920f38f7c8cbdf,Gustavo Sverzut Barbieri,no-tag-changed,no-tag-changed,['changeAsset' | 'addAsset']
0c11b353b8e8a33a89c2ff6e4e7d412a78ecdec6,Flavio Ceolin,no-tag-changed,no-tag-changed,['changeAsset' | 'addAsset']
526ef783f0475671bd023ef06dae8604e7cfb974,Gustavo Sverzut Barbieri,[('Added' | 'Menu') | ('Added' | 'Feature') | ('New' | 'Depends') | ('Added' | 'Default') | ('Added' | 'Depends') | ('New' | 'Select') | ('New' | 'Default') | ('Added' | 'Select')],[('Added' | 'build') | ('Added' | 'Mapping')],['changeAsset' | 'addAsset']
4480631b680a6fe026975acccadeac3166bded18,Gustavo Sverzut Barbieri,no-tag-changed,[('Added' | 'Mapping') | ('Modify' | 'Mapping')],['addAsset']
e87fc24284f65b725a4c8251f3eff656400068b7,Guilherme Iscaro de Godoy,no-tag-changed,no-tag-changed,['changeAsset' | 'addAsset']
40ffeae62f591ef49d70e95a880e349bc8413cd9,Guilherme Iscaro de Godoy,no-tag-changed,[('Remove' | 'Mapping') | ('Modify' | 'Mapping')],no-tag-changed
edbd55219631e3a0a25313975dd5af67030dbfeb,Gustavo Sverzut Barbieri,[('Added' | 'Feature') | ('Added' | 'Select')],[('Added' | 'Mapping') | ('Added' | 'build')],['addAsset' | 'changeAsset']
991a57864ab0a9b9a11fc20b52e0bcefaadd076d,Gustavo Lima Chaves,no-tag-changed,[('Added' | 'build')],['addAsset' | 'changeAsset']
e05849f3d2f93bb9de992afc8f07e14015b88baf,Otavio Pontes,no-tag-changed,no-tag-changed,['changeAsset' | 'addAsset']
23c3a2dd67236054722842289e1704633fdc29f5,Iván Briano,[('Added' | 'Default')],no-tag-changed,no-tag-changed
3aaecc23b5bc9d8b5cdd050f02da892c828ccc96,Ricardo de Almeida Gonzaga,no-tag-changed,no-tag-changed,['changeAsset']
bc246ba17ce2b0fb512320979b136c11bc13b736,Luiz Ywata,no-tag-changed,[('Added' | 'build')],['addAsset']
0b894e1711ebc044c22a7b3dadb8d7bf340c9217,Luiz Ywata,no-tag-changed,[('Modify' | 'build')],['changeAsset' | 'addAsset']
8b57df50cdb41d5bb783beb2846091ebabbb383f,Otavio Pontes,no-tag-changed,no-tag-changed,['changeAsset' | 'addAsset']
cb311653150ed75f1f3d6232151374fbd653f854,Otavio Pontes,no-tag-changed,no-tag-changed,['changeAsset' | 'addAsset']
ed93a6f8d1d572f1e67da78651be268758f93631,Gustavo Lima Chaves,no-tag-changed,no-tag-changed,['changeAsset' | 'addAsset']
4be682470ec4bf26fe254dc40c73aea1ad48e424,Guilherme Iscaro de Godoy,no-tag-changed,[('Added' | 'Mapping') | ('Added' | 'build')],no-tag-changed
0100c3a3fe8030b8a4d2c8d21145c95902f260a5,Guilherme Iscaro de Godoy,no-tag-changed,no-tag-changed,['changeAsset' | 'addAsset']
13aa56c3c5a1752b6ea60fdc1a0a1effe7d65175,Leandro Dorileo,[('New' | 'Depends')],no-tag-changed,no-tag-changed
4bb39584ca389f03e9191e65fa291c303b224360,Leandro Dorileo,[('New' | 'Depends')],no-tag-changed,no-tag-changed
fb5d1ffa0fe4b33f70688911aab8bfa9d5a15896,Otavio Pontes,[('Modify' | 'Depends')],no-tag-changed,no-tag-changed
68bc39d34c7946f2e0a92151e558fc198c2915f0,Bruno Dilly,no-tag-changed,no-tag-changed,['changeAsset' | 'addAsset']
d243cd35c44a4dd71fda02223c5db0efb8b17e96,Bruno Dilly,[('Added' | 'Depends')],[('Added' | 'Mapping') | ('Added' | 'build')],['changeAsset']
817424189358ecdc6a832f5436af41622e51b56c,Murilo Belluzzo,no-tag-changed,[('Added' | 'build')],['changeAsset']
cd45732458f9746fbb8018d91c70fd3101876e7d,Ederson de Souza,no-tag-changed,[('Added' | 'Mapping') | ('Modify' | 'Mapping')],no-tag-changed
1706028582f22fc62af916dc0da36279ca2f9277,Iván Briano,no-tag-changed,[('Added' | 'build') | ('Modify' | 'build')],no-tag-changed
0709be9f3b6efa607bf72ae153e11adedd697c4a,Bruno Dilly,[('Added' | 'Default')],no-tag-changed,no-tag-changed
647d8663444ccec36711c2f1cbe4439590ef5acc,Iván Briano,[('Added' | 'Feature') | ('Added' | 'Depends') | ('New' | 'Select')],no-tag-changed,['changeAsset']
cab890170831a1f7f76d4070b9b41f1409b9647d,Iván Briano,[('Added' | 'Select')],[('Added' | 'Mapping') | ('Added' | 'build')],['addAsset']
c05868591c88711f924e12020630b3bebf0dd15f,Gustavo Lima Chaves,no-tag-changed,[('Modify' | 'build')],no-tag-changed
e2201c94e28b56f16cffb0548656d452ef794812,Gustavo Lima Chaves,no-tag-changed,[('Modify' | 'build') | ('Added' | 'build')],['changeAsset']
3aefa47811a4f605cde941690992454218f6f10c,Gustavo Lima Chaves,no-tag-changed,no-tag-changed,['changeAsset' | 'addAsset']
8c95fc0cf6743aaac0af28efb0f957e1fbeacf83,Leandro Pereira,no-tag-changed,[('Added' | 'build') | ('Modify' | 'build')],['changeAsset' | 'addAsset']
9846ee415e8602f68e70dae69548eef2c481618d,Leandro Pereira,[('Added' | 'Feature') | ('New' | 'Default') | ('New' | 'Depends')],[('Added' | 'Mapping') | ('Added' | 'build')],['changeAsset' | 'addAsset']
c5b3a20dc97bcb37eb0406249719dd5454963241,Leandro Pereira,no-tag-changed,[('Added' | 'build') | ('Modify' | 'build')],['changeAsset' | 'addAsset']
1b86e881acbe83e77e01aab049272524d838215b,Leandro Pereira,no-tag-changed,[('Remove' | 'build')],['changeAsset']
03a863699a65700863569d81a6ede4fdc544b60e,Bruno Dilly,no-tag-changed,[('Added' | 'build') | ('Modify' | 'build')],['changeAsset']
165d3deb5570a4b2a57f1b8c584a42f934357f17,Bruno Dilly,no-tag-changed,no-tag-changed,['changeAsset' | 'addAsset']
223cb7fb2354ee208882db97306ed44a7277fd7f,Iván Briano,no-tag-changed,[('Added' | 'build') | ('Modify' | 'ifdef') | ('Modify' | 'build')],no-tag-changed
12f6df817271fc15761cf4a367f4f0c054361148,Iván Briano,[('New' | 'Select') | ('Added' | 'Feature') | ('New' | 'Default')],no-tag-changed,['changeAsset']
35457813e4b7bc6fbcac132af9e34a93dcb829f9,Otavio Pontes,[('Added' | 'Feature') | ('Added' | 'Depends') | ('New' | 'Default')],[('Added' | 'Mapping') | ('Added' | 'build')],['removeAsset' | 'addAsset' | 'changeAsset']
9fb91baaa3ff0a6dcbdee6707c66c9820cefa89d,Gustavo Lima Chaves,no-tag-changed,no-tag-changed,['changeAsset' | 'addAsset']
401c92b6c452ba4c0ecd0dd75a5109ffcd9d2814,Guilherme Iscaro de Godoy,[('Added' | 'Feature') | ('New' | 'Depends') | ('New' | 'Default')],[('Added' | 'Mapping')],['changeAsset' | 'addAsset']
1d3b9724d4402fb87be3de2a579a3984222413da,Guilherme Iscaro de Godoy,no-tag-changed,no-tag-changed,['changeAsset' | 'addAsset']
28c8bc229b8dd3f358b174cb2e5f14bf7780ef04,Otavio Pontes,no-tag-changed,no-tag-changed,['changeAsset' | 'addAsset']
2abe7e967828a33d0c3e26f2ca4915c115fb2d31,Guilherme Iscaro de Godoy,no-tag-changed,[('Modify' | 'build')],['changeAsset']
f3c689dec9deaf10521b985ae44120846b91937e,Gustavo Lima Chaves,no-tag-changed,[('Modify' | 'ifdef') | ('Modify' | 'build') | ('Modify' | 'Mapping') | ('Added' | 'Mapping') | ('Remove' | 'build')],['changeAsset']
ef8b89bfdd312af3b449778bdabc33af3424ef69,Guilherme Iscaro de Godoy,no-tag-changed,no-tag-changed,['changeAsset' | 'addAsset']
ccd3dfbe28fd9e50ceeb15895bca3da993ea558f,Bruno Dilly,[('Added' | 'Menu') | ('Added' | 'Feature') | ('Added' | 'Depends') | ('New' | 'Default')],[('Added' | 'Mapping') | ('Added' | 'build')],['changeAsset']
ed7c2e269e330228c413be554482744c426e0347,Gustavo Lima Chaves,no-tag-changed,no-tag-changed,['changeAsset' | 'addAsset']
7b477f55ff4949fd71b0dcd3d00c9e34de2c65ae,Iván Briano,no-tag-changed,[('Modify' | 'build')],no-tag-changed
5590e726f1c5a66fc8ff64f3918ae49dbe01cd65,Bruno Dilly,[('Added' | 'Feature') | ('New' | 'Default')],[('Added' | 'Mapping') | ('Added' | 'build')],['addAsset']
b920bef1f265ea6b92f30e0b68e0cfbe80936c00,Flavio Ceolin,no-tag-changed,[('Added' | 'Mapping') | ('Added' | 'build')],no-tag-changed
59fbd0ab54c9885ae4656f704f5a24f897c64eb7,Flavio Ceolin,no-tag-changed,[('Modify' | 'Mapping')],no-tag-changed
27283f69ace3ea1c8ae2ddb8beca86f43f5e80b9,Murilo Belluzzo,no-tag-changed,[('Modify' | 'build')],['changeAsset']
6d951246521e866f764eedc3bbc394e3433a7f44,Rodrigo Chiossi,no-tag-changed,[('Added' | 'Mapping') | ('Added' | 'build')],['addAsset']
09c63664bbd43824216a83fa2bda65e9b30007ac,Bruno Dilly,no-tag-changed,[('Added' | 'build')],['changeAsset']
596544b1f0b5acb28a8c9faccd3d4f318701a8b3,Bruno Dilly,no-tag-changed,[('Modify' | 'build')],no-tag-changed
f8c49688a6f64f46df77c601f4f29d3e6ea8561d,Bruno Dilly,no-tag-changed,[('Added' | 'build')],no-tag-changed
9a92041f2dfd691985e50cea98d0cb47c1353379,Bruno Dilly,no-tag-changed,[('Modify' | 'build')],no-tag-changed
35be3e123806f74dd76adde14ad7dab557659226,Murilo Belluzzo,no-tag-changed,[('Added' | 'build') | ('Modify' | 'build')],no-tag-changed
372faa60df731cbf2d3f288d75c13693f7c26f54,Leandro Pereira,no-tag-changed,no-tag-changed,['changeAsset' | 'addAsset']
1570a568171447c303f255977ad15592d3fd5d8d,Bruno Dilly,[('Modify' | 'Default') | ('Modify' | 'Depends')],no-tag-changed,no-tag-changed
d40b91d86586c45843bbdfd5824534d9d273b6f4,Bruno Dilly,no-tag-changed,[('Modify' | 'build')],no-tag-changed
7a0795432fcfd0e4917fc5f4a236204ef8e23d3d,Ederson de Souza,[('Added' | 'Menu') | ('New' | 'Default') | ('Added' | 'Feature') | ('Added' | 'Depends') | ('Added' | 'Default') | ('New' | 'Depends')],[('Added' | 'build') | ('Added' | 'Mapping') | ('Modify' | 'build') | ('Added' | 'ifdef')],['changeAsset' | 'addAsset']
3556363e0f61dd4ec54f808880d9e1f2ad6defb3,Ederson de Souza,[('Added' | 'Feature') | ('Added' | 'Depends') | ('New' | 'Default')],[('Added' | 'Mapping')],['addAsset']
071d54353463e766b4833ad1c2a0cf3690829a79,Guilherme Iscaro de Godoy,no-tag-changed,no-tag-changed,['changeAsset' | 'addAsset']
d67352ee7bc89a7b1c5f1199bcd415cd7553bd0e,Guilherme Iscaro de Godoy,no-tag-changed,[('Modify' | 'build') | ('Added' | 'build') | ('Added' | 'ifdef')],['changeAsset']
3172bee5d9d3c9d328efa41b1d3f5c6c5243c6c4,Bruno Dilly,no-tag-changed,[('Added' | 'build') | ('Remove' | 'build')],no-tag-changed
2de410c781e9ac5bf2415480f76c9ad7b85be0d1,Guilherme Iscaro de Godoy,no-tag-changed,[('Added' | 'Mapping')],['changeAsset' | 'addAsset']
5f5efc197da6366f50873c0c447ee3a386a83966,Otavio Pontes,no-tag-changed,[('Remove' | 'build')],['changeAsset' | 'addAsset']
c52c778a0277e4703feb7e55de9ca5a3a23dadd5,Flavio Ceolin,[('Added' | 'Depends')],no-tag-changed,no-tag-changed
a6af73d7f165b1779f7408f892839a4f9acfee59,Gustavo Lima Chaves,no-tag-changed,[('Modify' | 'build')],no-tag-changed
3acfc4c35355bab8211aa3bc0d6c42f4a728196f,Gustavo Lima Chaves,no-tag-changed,[('Added' | 'Mapping') | ('Modify' | 'Mapping')],['changeAsset' | 'addAsset']
cca042264ddc2eaa1e783faa947bbed20ab3ad91,Guilherme Iscaro de Godoy,no-tag-changed,[('Added' | 'Mapping')],['changeAsset' | 'addAsset']
b527749fcc2779cdd26fb472dfaca0a7c0444ad5,Guilherme Iscaro de Godoy,no-tag-changed,[('Added' | 'build') | ('Modify' | 'build')],['changeAsset']
1ae2dd3383329ef669e17a5e371a5b925a7a40bf,Flavio Ceolin,[('Added' | 'Menu') | ('Added' | 'Feature') | ('New' | 'Depends') | ('New' | 'Default')],[('Added' | 'Mapping')],['addAsset']
7fd601987e977e777ba1c0cace2c666dff26d913,Guilherme Iscaro de Godoy,no-tag-changed,[('Added' | 'Mapping')],['changeAsset' | 'addAsset']
35307101451d769391bb33869f6bb5f97753ce0b,Flavio Ceolin,no-tag-changed,[('Modify' | 'build')],no-tag-changed
65c5bbc521deb0e8255d16d5414f2d1cbd95d3fe,Leandro Dorileo,no-tag-changed,[('Modify' | 'build')],no-tag-changed
8215701730a62cb0346e7cd77acac5d20b336586,Luiz Ywata,no-tag-changed,[('Added' | 'build')],['addAsset']
9e71d503d73ae369cb55aa2d8e72a10ab073cd98,Luiz Ywata,no-tag-changed,no-tag-changed,['addAsset' | 'changeAsset']
7edb9d26bf95c447f42247b4f3e3c350a7968991,Bruno Dilly,[('Added' | 'Feature') | ('Added' | 'Depends') | ('New' | 'Default')],[('Added' | 'Mapping')],['addAsset']
2467f6e49fcc524f8f7213ebf3fe9066367e1f7c,Iván Briano,no-tag-changed,[('Added' | 'build') | ('Modify' | 'build')],no-tag-changed
e689a223a8ffdd0bf2dfd4557275b704b40645d4,Gustavo Sverzut Barbieri,[('Added' | 'Feature') | ('New' | 'Default')],[('Added' | 'Mapping')],['changeAsset' | 'addAsset']
2cf672ae0cc53ee5b04829d6e44ca8c250c8f30d,Ederson de Souza,[('Modify' | 'Depends')],no-tag-changed,no-tag-changed
8681c5f6260f5d832eab79ba6237e35ebf1f5318,Otavio Pontes,no-tag-changed,[('Added' | 'Mapping') | ('Modify' | 'Mapping')],['addAsset']
146fb5682895cb723fa51ea4bb2d14ea1867835f,Iván Briano,no-tag-changed,no-tag-changed,['changeAsset' | 'addAsset']
fcfd87e4d32c0d455b88a4194fd51e5945131c16,Flavio Ceolin,no-tag-changed,[('Added' | 'build') | ('Modify' | 'build')],['addAsset']
3afd24e6eba488cef1a38d2fb356f19c562e6f0d,Flavio Ceolin,no-tag-changed,[('Added' | 'build') | ('Added' | 'Mapping')],['changeAsset' | 'addAsset']
f9d0efebcb58d5cb2ca52616c1dc7d94768eeaf1,Thiago Macieira,no-tag-changed,[('Modify' | 'build')],no-tag-changed
4abd906e6fcf6905ca8301556a0a830167667d7e,Thiago Macieira,no-tag-changed,[('Added' | 'ifdef') | ('Added' | 'build') | ('Modify' | 'build')],['changeAsset']
9f60a08b67bbbc85b2d49c93f5af68bded453fd7,Thiago Macieira,no-tag-changed,[('Modify' | 'build')],no-tag-changed
206f6c23138451d3431e8c41ba1fe3028009c297,Gustavo Sverzut Barbieri,no-tag-changed,[('Modify' | 'build')],no-tag-changed
b4abd4fa77596ecde5946889a1fdd07138ced7b4,Flavio Ceolin,[('Modify' | 'Depends')],no-tag-changed,no-tag-changed
c69d92a8b02b4fd592070bd59f98752eee7f71ad,Flavio Ceolin,no-tag-changed,[('Modify' | 'build')],no-tag-changed
4ee0924d7aac22ceb0d21cf577f5980627deb593,Flavio Ceolin,no-tag-changed,[('Added' | 'build')],['changeAsset']
bc1382fe7b5d01f5928dcfbd9d380411e3a1685f,Flavio Ceolin,no-tag-changed,[('Modify' | 'build')],no-tag-changed
a158685409e3f4000bae0d6d94fcb8aae2490d95,Guilherme Iscaro de Godoy,no-tag-changed,[('Added' | 'ifdef') | ('Added' | 'build')],['changeAsset']
bfce4f90c987acbbe67fe08d94377465f9ddcc13,Otavio Pontes,[('Added' | 'Menu') | ('Added' | 'Depends')],[('Modify' | 'Mapping')],no-tag-changed
7c596a4bccd16c84e66422b6f81e7575bb3f866a,Otavio Pontes,[('Added' | 'Depends')],no-tag-changed,no-tag-changed
5f94256d01c71497f9aa59d64d58930a2eacac51,Flavio Ceolin,no-tag-changed,[('Remove' | 'build')],no-tag-changed
b1710556f1e2d68b87f32e789077682599d14012,Bruno Dilly,no-tag-changed,no-tag-changed,['changeAsset' | 'addAsset']
0398dfd36745579d146c5917df1bfad0bacd5798,Bruno Dilly,no-tag-changed,no-tag-changed,['removeAsset' | 'changeAsset']
5faeaa8d19579229298541e4ab3d3d84c7309aa0,Guilherme Iscaro de Godoy,no-tag-changed,[('Modify' | 'build')],['changeAsset']
d60d585fddb3a01469f9bc8d6f84f5cbf0712f60,Guilherme Iscaro de Godoy,no-tag-changed,[('Modify' | 'build') | ('Added' | 'build')],['changeAsset' | 'addAsset']
788906cfd47110ed20cb71e15a0728c0867affb7,Bruno Dilly,no-tag-changed,no-tag-changed,['removeAsset']
3c888d59414ea7ca03bcecdf130aa553d3d106ad,Bruno Dilly,[('New' | 'Depends')],no-tag-changed,no-tag-changed
b99c0de75aa595e42cca3e7b7ab049da51e6ed22,Leandro Dorileo,[('Added' | 'Depends')],[('Remove' | 'ifdef') | ('Remove' | 'build') | ('Added' | 'ifdef') | ('Added' | 'build')],['changeAsset']
0fe43c4a7dd3816480055be005263b14f863a8b5,Ricardo de Almeida Gonzaga,[('Added' | 'Default') | ('Added' | 'Feature') | ('New' | 'Depends')],[('Added' | 'Mapping') | ('Added' | 'build')],['changeAsset' | 'addAsset']
40a46b0134686c36141a22c2a4f8f56832a88fe3,Iván Briano,[('New' | 'Select')],[('Added' | 'Mapping') | ('Added' | 'build')],['changeAsset' | 'addAsset']
5e11d54b6c02d25ceeeb621fb2a0151f51a079d9,Gustavo Lima Chaves,[('Added' | 'Select')],[('Added' | 'Mapping') | ('Added' | 'build')],['addAsset']
da9e39a186a2d8eec896da6fff7123ef456fdaf4,Gustavo Lima Chaves,[('Added' | 'Select')],[('Added' | 'Mapping') | ('Added' | 'build')],['addAsset']
b5e2f70b12d7bb8a9f6227bedf8528f31c4a23d7,Gustavo Lima Chaves,[('Added' | 'Select')],[('Added' | 'Mapping') | ('Added' | 'build')],['addAsset']
81fcf36c14f614341dde9839d5da0aeddb7fa236,Gustavo Lima Chaves,[('Modify' | 'Select')],[('Added' | 'Mapping') | ('Added' | 'build')],['changeAsset' | 'addAsset']
22b5d3c155b27e57b1c4464ba31f046744127bc8,Ederson de Souza,[('Added' | 'Select')],no-tag-changed,no-tag-changed
3fa3595bea88eb69ba99b863a5e07443089b764a,Gustavo Lima Chaves,no-tag-changed,no-tag-changed,['changeAsset' | 'addAsset']
6035b25f5e7cfc815bc37a3fa61581dd2abf8a65,Bruno Dilly,no-tag-changed,[('Added' | 'ifdef') | ('Added' | 'build')],['changeAsset']
d368dd74d3f206e9a321f3681752a3ff960fb8ee,Flavio Ceolin,[('Added' | 'Depends')],no-tag-changed,no-tag-changed
3afafeba9598790adcdc39fd888446c84d3600c0,Bruno Dilly,[('Added' | 'Default')],no-tag-changed,no-tag-changed
6dca09f5337af4ac45aba08b0a8a0cae2a4e3aef,Gabriel Schulhof,no-tag-changed,[('Remove' | 'build') | ('Modify' | 'build')],no-tag-changed
01fa8dd6a93083a17e95f1c7c193b1178e9f679b,Guilherme Iscaro de Godoy,[('Added' | 'Depends')],no-tag-changed,['changeAsset']
54a74a79d9b41c0fbbaa48cd5265e1865434db44,Iván Briano,[('Added' | 'Depends') | ('Added' | 'Feature') | ('Added' | 'Select')],no-tag-changed,['changeAsset']
df24bf10feb40ebf9b3549dd4201d9300bea6458,Bruno Dilly,no-tag-changed,[('Modify' | 'Mapping')],['changeAsset']
2b1d9be1d27c9144df5009715f8c4b0f406f7455,Bruno Dilly,no-tag-changed,no-tag-changed,['changeAsset']
9eec928982690d8824942806f0714426cc93619e,Gabriel Schulhof,no-tag-changed,[('Modify' | 'build') | ('Added' | 'ifdef') | ('Added' | 'build')],['addAsset' | 'changeAsset']
1b0274112796b063ab22a85c400556aca6229fab,Gabriel Schulhof,no-tag-changed,no-tag-changed,['changeAsset' | 'addAsset']
9dd1fd5a27a82b28775690c09e498d1cbd1ddc5d,guchaojie,no-tag-changed,[('Added' | 'Mapping')],['addAsset' | 'changeAsset']
c2053e4f5653702de79d298999e00cbcd5d7bea8,Bruno Dilly,no-tag-changed,[('Added' | 'build')],['changeAsset']
c2188d70282ec472455b1ca142e329cebd35bc9a,Iván Briano,no-tag-changed,[('Modify' | 'build') | ('Added' | 'build')],no-tag-changed
1f8fd66c2a34a1c7da6ccad27caa6823748a3609,Iván Briano,no-tag-changed,[('Added' | 'build')],['changeAsset' | 'addAsset']
31ee45d1cf57998ddad93eea88a1f60e5f644519,Gustavo Sverzut Barbieri,no-tag-changed,[('Added' | 'build')],['changeAsset']
ebf405b1a2bf97c45ea6b14af43fb157eb5f92e4,Gabriel Schulhof,no-tag-changed,[('Modify' | 'build')],['changeAsset']
427491617dca7ea550441b2e9770bf4a43d5e9ed,Gabriel Schulhof,no-tag-changed,no-tag-changed,['changeAsset' | 'addAsset']
aaf4f906384b5b5196edb93f77b85087192bc4d2,Gabriel Schulhof,no-tag-changed,no-tag-changed,['changeAsset' | 'addAsset']
56846d7c9113d91f6606e7abf8121c3b47f692ba,Gabriel Schulhof,no-tag-changed,no-tag-changed,['changeAsset' | 'addAsset']
2a69a93807f548ea687cb38a072e6ec58974e7a7,Gustavo Sverzut Barbieri,[('Added' | 'Depends')],no-tag-changed,no-tag-changed
ecf696de10ee26d4b8028df244c82584fd4c9a9a,Gustavo Sverzut Barbieri,[('Added' | 'Feature') | ('New' | 'Depends') | ('New' | 'Default')],[('Added' | 'Mapping')],['addAsset' | 'changeAsset']
f06e26ab9733211c7d4cbd706837340839cbf672,Gustavo Sverzut Barbieri,[('Added' | 'Feature') | ('Added' | 'Depends') | ('New' | 'Default')],[('Added' | 'build') | ('Added' | 'Mapping')],['addAsset' | 'changeAsset']
186c6f1431a8537f9f01ca9c5493390c5c461fed,Gustavo Sverzut Barbieri,[('Added' | 'Depends')],[('Added' | 'Mapping') | ('Added' | 'build') | ('Modify' | 'build')],['changeAsset']
3f6bc49e90ab1a6bf85d51b3d8013ad287598c2b,Iván Briano,no-tag-changed,[('Modify' | 'build')],no-tag-changed
329f8e18daed3df36c4c1a475c882a0784e95e50,Iván Briano,[('Added' | 'Feature') | ('New' | 'Select') | ('Added' | 'Select')],[('Added' | 'Mapping') | ('Added' | 'build') | ('Modify' | 'build')],['changeAsset' | 'addAsset']
a2985770cead37431f8ae76f94f0654f81fee008,Guilherme Iscaro de Godoy,no-tag-changed,[('Added' | 'build')],['addAsset' | 'changeAsset']
cd7b25926e23b7da648abbe89f55295348e798dc,Guilherme Iscaro de Godoy,no-tag-changed,[('Added' | 'build')],['changeAsset' | 'addAsset']
a95c763fb1aea55226fe8df56e16f21d48277b21,Iván Briano,no-tag-changed,[('Modify' | 'build')],['changeAsset']
0df59435a3228871d06f0e3dc6df959ff285eff0,Iván Briano,no-tag-changed,[('Remove' | 'build')],no-tag-changed
67e207da1fc0fa2446e6087fdd7fb4314166bb4e,Iván Briano,no-tag-changed,[('Remove' | 'build') | ('Modify' | 'build')],no-tag-changed
692f920278e7d38bd693cc4f478c38fbfd325a01,Guilherme Iscaro de Godoy,no-tag-changed,no-tag-changed,['changeAsset' | 'addAsset']
2481fb411ca23c9aabf83c80915fee138fd6c8d3,Guilherme Iscaro de Godoy,no-tag-changed,no-tag-changed,['changeAsset' | 'addAsset']
be35a65b4b83871e9bf7215e119cb805043b2147,Bruno Dilly,no-tag-changed,no-tag-changed,['changeAsset' | 'addAsset']
ab42b0902fd1e21465f7ab5a2967c39149507c6c,Bruno Dilly,no-tag-changed,[('Added' | 'build')],no-tag-changed
23eaa0ba86d97a88cf97c784860599542c797dfb,Guilherme Iscaro de Godoy,no-tag-changed,no-tag-changed,['changeAsset' | 'addAsset']
f149269bc575daad8ea3bc75e4f3347f7f871863,Iván Briano,no-tag-changed,[('Remove' | 'build') | ('Modify' | 'build')],no-tag-changed
2a63abe05f806d025f72647f0aecee8f4dd3412b,Iván Briano,[('Added' | 'Feature') | ('New' | 'Default')],[('Added' | 'build') | ('Remove' | 'build')],no-tag-changed
d95a0021b37ce37ca1c89d34a1b7f278d71ad5d1,Iván Briano,[('Added' | 'Select')],[('Added' | 'Mapping') | ('Added' | 'build')],['changeAsset']
60b15af57e3f11eb32174f254edc753f4dcefc4e,Gabriel Schulhof,no-tag-changed,no-tag-changed,['addAsset' | 'changeAsset']
210e203eff89f7fce936fe314111a6974a9e4227,Gabriel Schulhof,no-tag-changed,no-tag-changed,['changeAsset' | 'addAsset']
586a1975c2c4e6cc9b3826aeb77b14f8f9b7843e,Sudarsana Nagineni,no-tag-changed,[('Modify' | 'build')],no-tag-changed
aeff3ff46890626bc43896141154de76d988672d,Otavio Pontes,no-tag-changed,[('Modify' | 'Mapping')],no-tag-changed
45f3d4c2f9028862f2de7944451ee64f729819fc,Bruno Dilly,no-tag-changed,no-tag-changed,['removeAsset' | 'addAsset']
477f34cbc3775fa0b5f27c023dbb86ac7a194b51,Otavio Pontes,no-tag-changed,[('Remove' | 'build') | ('Modify' | 'build')],no-tag-changed
453331e44dc9e7901cf239114b45c6df55c1a9be,Guilherme Iscaro de Godoy,no-tag-changed,[('Added' | 'build')],no-tag-changed
cc3aac00d8fdaee1d6923a6e93b2c47baec2aa5d,Guilherme Iscaro de Godoy,[('Added' | 'Menu') | ('Added' | 'Feature') | ('Added' | 'Depends') | ('New' | 'Default') | ('New' | 'Depends')],[('Added' | 'Mapping') | ('Added' | 'build') | ('Modify' | 'build') | ('Modify' | 'Mapping')],['changeAsset']
e2d2e2150cabcbe1c6b5ceba2a1872ed0d0524c1,Otavio Pontes,no-tag-changed,[('Added' | 'build')],['changeAsset' | 'addAsset']
3a81fc183f017806faa6226858f9ff6541b150fe,Bruno Dilly,no-tag-changed,no-tag-changed,['changeAsset' | 'addAsset']
6f11c7ede9603f221e7bf27334e4f989232e1563,Guilherme Iscaro de Godoy,no-tag-changed,no-tag-changed,['changeAsset' | 'addAsset']
ef50f54f75461860e9b4bb16e4c61d9d406ceb05,Iván Briano,no-tag-changed,no-tag-changed,['changeAsset' | 'removeAsset']
b8fc5d5a0fd8d9984e26dd4b32483765f53a7c1b,Iván Briano,[('Added' | 'Select')],[('Added' | 'build') | ('Added' | 'Mapping')],['addAsset' | 'changeAsset']
94c3a12a64bcb82545af18c20105f1368abf343e,Iván Briano,no-tag-changed,no-tag-changed,['addAsset' | 'changeAsset']
9029e1a6cb7313966ba1e42cdb65f800930f9ce8,Iván Briano,[('Added' | 'Select')],no-tag-changed,no-tag-changed
43024e26d501668fb18fb12574ba2b118f1e791a,Gabriel Schulhof,no-tag-changed,[('Added' | 'build') | ('Modify' | 'build')],['changeAsset' | 'addAsset' | 'removeAsset']
199fe960603aebe5c82d42e594cfc09049d8edb8,Gustavo Lima Chaves,[('Modify' | 'Depends')],no-tag-changed,no-tag-changed
e9be8920202360664d00304e4c92dbbd3f7b52f3,Gustavo Lima Chaves,[('Added' | 'Select') | ('Modify' | 'Select')],no-tag-changed,no-tag-changed
a721b3509b365653dd01d1b0c00188b509a8e719,Iván Briano,no-tag-changed,[('Modify' | 'build')],no-tag-changed
fa7f6e4c8099e18ec7381605e392a6c8cdf24cf2,Iván Briano,[('Added' | 'Depends')],no-tag-changed,no-tag-changed
3c50ba10a987afc1e693b2970c31d4eed69dbb7c,Srinivasa Ragavan,no-tag-changed,[('Added' | 'build')],['changeAsset' | 'addAsset']
2704aca60f25d6411a39309abe6169794430e3be,Iván Briano,no-tag-changed,[('Added' | 'build') | ('Added' | 'ifdef')],no-tag-changed
80e812b4f2ea31897aed50cc0ceee5502efa1d84,Gustavo Sverzut Barbieri,no-tag-changed,[('Added' | 'ifdef') | ('Added' | 'Mapping') | ('Added' | 'build') | ('Modify' | 'build')],['changeAsset' | 'addAsset']
3f68683080ea2cf4394a3fdbb95304e7b622c86b,Gustavo Sverzut Barbieri,no-tag-changed,[('Added' | 'build')],no-tag-changed
0c700dd862fdcfbaa4d8ecf83dfb046f1f633617,Srinivasa Ragavan,no-tag-changed,[('Added' | 'build')],['changeAsset' | 'addAsset']
69881989e9a5f881395a7b165d45e89ee83e5138,Sudarsana Nagineni,no-tag-changed,[('Added' | 'build') | ('Added' | 'Mapping') | ('Modify' | 'Mapping')],['changeAsset' | 'addAsset']
0e51ce55e37f2b8ca8d215e1891435c64fdfce10,Sudarsana Nagineni,no-tag-changed,[('Added' | 'build')],['changeAsset' | 'addAsset']
83cdfb5bb874861f4165107f364aa68035e188d9,Guilherme Iscaro de Godoy,[('Added' | 'Depends')],no-tag-changed,no-tag-changed
d3f91a2be07237d72c3fdd3c38ad3f3cd40399e8,Guilherme Iscaro de Godoy,[('Remove' | 'Feature') | ('Remove' | 'Depends') | ('Remove' | 'Default')],[('Remove' | 'Mapping') | ('Remove' | 'build')],no-tag-changed
80b9ff758726770c41421e80f0c80cd07f1e7482,Guilherme Iscaro de Godoy,no-tag-changed,[('Added' | 'build') | ('Modify' | 'build')],['addAsset']
05c6a6a56ce8f5777fcc061b53a198c0fb1a5821,Gustavo Lima Chaves,[('Added' | 'Feature') | ('New' | 'Depends') | ('New' | 'Default')],no-tag-changed,['changeAsset']
5abcf5024cb5bb916b06c2d916e73b38ff41d280,Gabriel Schulhof,no-tag-changed,no-tag-changed,['removeAsset' | 'changeAsset']
c3e4b35dc7835cde9d244ee10d8bdedc6c293b36,Flavio Ceolin,no-tag-changed,no-tag-changed,['addAsset' | 'changeAsset']
e7d2b46f40292511211fccd5971aea02615fbeea,Sudarsana Nagineni,no-tag-changed,[('Added' | 'build') | ('Added' | 'Mapping') | ('Modify' | 'Mapping')],['changeAsset' | 'addAsset']
b85d1dbbb001ab7d37869c258463c8f2fb8a7371,Flavio Ceolin,no-tag-changed,[('Added' | 'build') | ('Modify' | 'build')],['addAsset' | 'changeAsset' | 'removeAsset']
a259e48e8845a75cc8fb9723c3e3254828ac107f,Gabriel Schulhof,no-tag-changed,[('Added' | 'build') | ('Modify' | 'build')],['changeAsset']
9e99abd9685f67150d489014e8de3a62174f5343,Sudarsana Nagineni,no-tag-changed,[('Added' | 'build')],['changeAsset' | 'addAsset']
